"AFG","Afghanistan","Asia","Kabul"
"AHO","Netherlands Antilles","Americas","Willemstad"
"ALB","Albania","Europe","Tirana"
"ALG","Algeria","Africa","Algiers"
"AND","Andorra","Europe","Andorra la Vella"
"ANG","Angola","Africa","Luanda"
"ANT","Antigua & Barbuda","Americas","Saint John's"
"ARG","Argentina","Americas","Buenos Aires"
"ARM","Armenia","Europe","Yerevan"
"ARU","Aruba","Americas","Oranjestad"
"ASA","American Samoa","Oceania","Pago Pago"
"AUS","Australia","Oceania","Canberra"
"AUT","Austria","Europe","Vienna"
"AZE","Azerbaijan","Europe","Baku"
"BAH","Bahamas","Americas","Nassau"
"BAN","Bangladesh","Asia","Dhaka"
"BAR","Barbados","Americas","Bridgetown"
"BDI","Burundi","Africa","Bujumbura"
"BEL","Belgium","Europe","Brussels"
"BEN","Benin","Africa","Porto-Novo"
"BER","Bermuda","Americas","Hamilton"
"BHU","Bhutan","Asia","Thimphu"
"BIH","Bosnia & Herzegovina","Europe","Sarajevo"
"BIR","Burma","Asia",""
"BIZ","Belize","Americas","Belmopan"
"BLR","Belarus","Europe","Minsk"
"BOL","Bolivia","Americas","Sucre"
"BOT","Botswana","Africa","Gaborone"
"BRA","Brazil","Americas","Brasilia"
"BRN","Bahrain","Asia","Manama"
"BRU","Brunei Darussalam","Asia","Bandar Seri Begawan"
"BUL","Bulgaria","Europe","Sofia"
"BUR","Burkina Faso","Africa","Ouagadougou"
"CAF","Central African Republic","Africa","Bangui"
"CAM","Cambodia","Asia","Phnom Penh"
"CAN","Canada","Americas","Ottawa"
"CAY","Cayman Islands","Americas","George Town"
"CGO","Congo","Africa","Brazzaville"
"CHA","Chad","Africa","N'djamena"
"CHI","Chile","Americas","Santiago"
"CHN","People's Republic of China","Asia","Beijing"
"CIV","Cote dlvoire","Africa","Yamoussoukro"
"CMR","Cameroon","Africa","Yaounde"
"COD","Democratic Republic of the Congo","Africa","Kinshasa"
"COK","CookIslands","Oceania","Avarua"
"COL","Colombia","Americas","Bogota"
"COM","Comoros","Africa","Moroni"
"CPV","Cape Verde","Africa","Praia"
"CRC","Costa Rica","Americas","San Jose"
"CRO","Croatia","Europe","Zagreb"
"CUB","Cuba","Americas","Havana"
"CYP","Cyprus","Europe","Nicosia"
"CZE","Czech Republic","Europe","Prague"
"DEN","Denmark","Europe","Copenhagen"
"DJI","Djibouti","Africa","Djibouti"
"DMA","Dominica","Americas","Roseau"
"DOM","Dominican Republic","Americas","Santo Domingo"
"ECU","Ecuador","Americas","Quito"
"EGY","Arab Republic of Egypt","Africa","Cairo"
"ERI","Eritrea","Africa","Asmara"
"ESA","El Salvador","Americas","San Salvador"
"ESP","Spain","Europe","Madrid"
"EST","Estonia","Europe","Tallinn"
"ETH","Ethiopia","Africa","Addis Ababa"
"EUN","Unified Team","",""
"FIJ","Fiji","Oceania","Suva"
"FIN","Finland","Europe","Helsinki"
"FRA","France","Europe","Paris"
"FRG","Federal Republic of Germany","Europe","Bonn"
"FSM","Federated States of Micronesia","Oceania","Palikir"
"GAB","Gabon","Africa","Libreville"
"GAM","Gambia","Africa","Banjul"
"GBR","Great Britain","Europe","London"
"GBS","Guinea-Bissau","Africa","Bissau"
"GDR","German Democratic Republic","Europe","East Berlin"
"GEO","Georgia","Europe","Tbilisi"
"GEQ","Equatorial Guinea","Africa","Malabo"
"GER","Germany","Europe","Berlin"
"GHA","Ghana","Africa","Accra"
"GRE","Greece","Europe","Athens"
"GRN","Grenada","Americas","Saint George's"
"GUA","Guatemala","Americas","Guatemala City"
"GUI","Guinea","Africa","Conakry"
"GUM","Guam","Oceania","Hagatha"
"GUY","Guyana","Americas","Georgrtown"
"HAI","Haiti","Americas","Port-au-Prince"
"HKG","Hong Kong","Asia",""
"HON","Honduras","Americas","Tegucigalpa"
"HUN","Hungary","Europe","Budapest"
"INA","Indonesia","Asia","Jakarta"
"IND","India","Asia","New Delhi"
"IOA","Individual Olympic Athletes","Other",""
"IOP","Independent Olympic Participants","",""
"IRI","Iran","Asia","Tehran"
"IRL","Ireland","Europe","Dublin"
"IRQ","Iraq","Asia","Baghdad"
"ISL","Iceland","Europe","Reykjavik"
"ISR","Israel","Europe","Jerusalem"
"ISV","Virgin Islands","Americas","Road Town"
"ITA","Italy","Europe","Rome"
"IVB","British Virgin Islands","Americas","Road Town"
"JAM","Jamaica","Americas","Kingston"
"JOR","Jordan","Asia","Amman"
"JPN","Japan","Asia","Tokyo"
"KAZ","Kazakhstan","Asia","Astana"
"KEN","kenya","Africa","Nairobi"
"KGZ","Kyrgyzstan","Asia","Bishkek"
"KIR","Kiribati","Oceania","Tarawa"
"KOR","Korea","Asia","Seoul"
"KSA","Saudi Arabia","Asia","Riyadh"
"KUW","Kuwait","Asia","Kuwait City"
"LAO","Lao People's Democratic Republic","Asia","Vientiane"
"LAT","Latvia","Europe","Riga"
"LBA","Libyan Arab Jamahiriya","Africa","Tripoli"
"LBR","Liberia","Africa","Monrovia"
"LCA","Saint Lucia","Americas","Castries"
"LES","Lesotho","Africa","Maseru"
"LIB","Lebanon","Asia","Beirut"
"LIE","Liechtenstein","Europe","Vaduz"
"LTU","Lithuania","Europe","Vilnius"
"LUX","Luxembourg","Europe","Luxembourg"
"MAD","Madagascar","Africa","Antananarivo"
"MAR","Morocco","Africa","Rabat"
"MAS","Malaysia","Asia","Kuala Lumpur"
"MAW","Malawi","Africa","lilongwe"
"MDA","Republic of Mooldova","Europe","Chisinau"
"MDV","Maldives","Asia","Male"
"MEX","Mexico","Americas","Mexico city"
"MGL","Mongolia","Asia","Ulaanbaatar"
"MKD","Former Yugoslav Republic of Macedonia","Europe","Skopje"
"MLI","Mali","Africa","Bamako"
"MLT","Malta","Europe","Valletta"
"MON","Monaco","Europe","Monaco"
"MOZ","Mozambique","Africa","Maputo"
"MRI","Mauritius","Africa","Port Louis"
"MTN","Mauritania","Africa","Nouakchott"
"MYA","Myanmar","Asia","Naypyidaw"
"NAM","Nambia","Africa","Windhoek"
"NCA","Nicaragua","Americas","Managua"
"NED","Netherlands","Europe","Amsterdam"
"NEP","Nepal","Asia","Kathmandu"
"NGR","Nigeria","Africa","Abuja"
"NIG","Niger","Africa","Niamey"
"NOR","Norway","Europe","Oslo"
"NRU","Nauru","Oceania","Yaren"
"NZL","New Zealand","Oceania","Wellington"
"OMA","Oman","Asia","Muscat"
"PAK","Pakistan","Asia","Islambad"
"PAN","Panama","Americas","Panama city"
"PAR","Paraguay","Americas","Asuncion"
"PER","Peru","Americas","Lima"
"PHI","Philippines","Asia","Manila"
"PLE","Palestine","Asia","Ramallah"
"PLW","Palau","Oceania","Melekeok"
"PNG","Papua-New Guinea","Oceania","Port Moresby"
"POL","Poland","Europe","Warsaw"
"POR","Portugal","Europe","Lisbon"
"PRK","Democratic People's Republic of Korea","Asia","Pyeongyang"
"PUR","Puerto Rico","Americas","San Juan"
"QAT","Qatar","Asia","Doha"
"ROU","Romania","Europe","Bucharest"
"RSA","South Africa","Africa","Pretoria"
"RUS","Russian Federation","Europe","Moscow"
"RWA","Rwanda","Africa","Kigali"
"SAM","Samoa","Oceania","Apia"
"SCG","Serbia and Montenegro","Europe","Beograd"
"SEN","Senegal","Africa","Dakar"
"SEY","Seychelles","Africa","Victoria"
"SIN","Singapore","Asia","Singapore"
"SKN","Saint Kitts & Nevis","Americas","Basseterre"
"SLE","Sierra Leone","Africa","Freetown"
"SLO","Slovenia","Europe","Ljubljana"
"SMR","San Marino","Europe","San Marino"
"SOL","Solomon Islands","Oceania","Honiara"
"SOM","Somalia","Africa","Mogadishu"
"SRB","Serbia","Europe","Beograd"
"SRI","Sri Lanka","Asia","Sri Jayewardenepura Kotte"
"STP","Sao Tome & Principe","Africa","Sao Tome"
"SUD","Sudan","Africa","Khartoum"
"SUI","Switzerland","Europe","Berne"
"SUR","Surinam","Americas","Paramaribo"
"SVK","Slovakia","Europe","Bratislava"
"SWE","Sweden","Europe","Stockholm"
"SWZ","Swaziland","Africa","Mbabane"
"SYR","Syrian Arab Republic","Asia","Damascus"
"TAN","United Republic of Tanzania","Africa","Dodoma"
"TCH","Czechoslovakia","Europe","Prague"
"TGA","Tonga","Oceania","Nuku'alofa"
"THA","Thailand","Asia","Bangkok"
"TJK","Tajikistan","Asia","Dushanbe"
"TKM","Turmenistan","Asia","Ashgabat"
"TLS","Timor-Leste","Asia","Dili"
"TOG","Togo","Africa","Lome"
"TPE","Taiwan","Asia","Taipei"
"TRI","Trinidad and Tobago","Americas","Port of Spain"
"TUN","Tunisia","Africa","Tunis"
"TUR","Turkey","Europe","Ankara"
"UAE","United Arab Emirates","Asia","Abu Dhabi"
"UGA","Uganda","Africa","Kampala"
"UKR","Ukraine","Europe","Kiev"
"URS","U.R.S.S.","Europe","Moscow"
"URU","Uruguay","Americas","Montevideo"
"USA","United States of America","Americas","Washington.D.C"
"UZB","Uzbekistan","Asia","Tashkent"
"VAN","Vanuatu","Oceania","Port Vila"
"VEN","Venezuela","Americas","Caracas"
"VIE","Vietnam","Asia","Hanoi"
"VIN","Saint Vincent & the Grenadines","Americas","Kingstown"
"YAR","Yemen Arabian Republic","Asia","Sana'a"
"YEM","Yemen","Asia","Sana'a"
"YMD","Yemen Democratic Republic","Asia","Sana'a"
"YUG","Yugoslavia","Europe","Belgrade"
"ZAI","Zaire","Africa","Kinshasa"
"ZAM","Zambia","Africa","Lusaka"
"ZIM","Zimbabwe","Africa","Harare"
